[
{"type_id":"VNmu4Q-HzZNcJ9ApOf4VglvKo1", "type_name":"小鹿酱","version":"202401011618" },
{"type_id":"VNe2OVun3g5VSL8NmjxelhUro1", "type_name":"啦啦啦" },
{"type_id":"VNkBMu0vdkfSHwndgSiN6AEmo1", "type_name":"Mikami" },
{"type_id":"VN_E3f3S4kd-pzSwj_wyfBO5o1", "type_name":"水果派解説原片" },
{"type_id":"VNeKEWmy_KT-5868f3NKX40co1", "type_name":"MoneyTalks1-175" },
{"type_id":"VNAJ9LIro80zB7S0VkX8nV-to1", "type_name":"大人學習" },
{"type_id":"https://mypikpak.com/s/VNU_LtkwJxIH-Z8BdmnvBSRco1", "type_name":"無碼流出" },
{"type_id":"https://mypikpak.com/s/VNTS5lxi8GICdZuOHFMs6v62o1", "type_name":"Sukebei" },
{"type_id":"https://mypikpak.com/s/VNSkrjJwm_1qJ3-F6UAjx5keo1", "type_name":"JapanHDV" },
{"type_id":"https://mypikpak.com/s/VNRcUOm1CfOipBFoWCX5ze_Io1", "type_name":"kebei" },
{"type_id":"https://mypikpak.com/s/VNSkLdbYCVr60cvXH2SFHFZMo1","type_name":"JAVHD-1"},
{"type_id":"https://mypikpak.com/s/VNSkXGZHfjBNMe2QeCYe_BeWo1","type_name":"JAVHD-2"},
{"type_id":"https://mypikpak.com/s/VNSkaFCaTmv_e5rMH4yBOR5ko1","type_name":"JAVHD-3"},
{"type_id":"https://mypikpak.com/s/VNNC7fVl-BUEYOWOgnEEYLOXo1","type_name":"JAVHD-4"},
{"type_id":"https://mypikpak.com/s/VNNC8sHriw-tJEISTvv8aeu3o1","type_name":"JAVHD-5"},
{"type_id":"https://mypikpak.com/s/VNNCE73t-BUEYOWOgnEE_XRRo1","type_name":"JAVHD-6"},
{"type_id":"https://mypikpak.com/s/VNRTJmtoUU9njJORhurw11yno1","type_name":"小姐姐合集/JAV·合集一"},
{"type_id":"https://mypikpak.com/s/VNRTK-coQgqv_6lSY5Z77EsTo1","type_name":"小姐姐合集/JAV·合集二"},
{"type_id":"https://mypikpak.com/s/VNRTKZ_XBGyw1kt1HkijOLdEo1","type_name":"小姐姐合集/JAV·合集三"},
{"type_id":"https://mypikpak.com/s/VNRTKxEQg3b_VYsn0bCwpIU4o1","type_name":"小姐姐合集/JAV·合集四"},
{"type_id":"https://mypikpak.com/s/VNRTLKT9roRROhEkho_4rljgo1","type_name":"小姐姐合集/JAV·合集五"},
{"type_id":"https://mypikpak.com/s/VNRTL_5Xg3b_VYsn0bCwpQ5Ho1","type_name":"小姐姐合集/JAV·合集六"},
{"type_id":"https://mypikpak.com/s/VNRTLn0oLmyyX7yiCb6t4x21o1","type_name":"小姐姐合集/JAV·合集七"},
{"type_id":"https://mypikpak.com/s/VNRTLxzUUU9njJORhurw2-mfo1","type_name":"小姐姐合集/JAV·合集八"},
{"type_id":"https://mypikpak.com/s/VNRTMAMwyM2NQYlKo78MGnSjo1","type_name":"小姐姐合集/JAV·合集九"},
{"type_id":"https://mypikpak.com/s/VNRTMMUlyM2NQYlKo78MGusso1","type_name":"小姐姐合集/JAV·合集十"},
{"type_id":"https://mypikpak.com/s/VNRlNLARLmyy1Vm25CJPpc0Xo1","type_name":"小姐姐合集/JAV·合集十一"},
{"type_id":"https://mypikpak.com/s/VNRTMkXeCfOi1Zl2Ft25WvKoo1","type_name":"小姐姐合集/JAV·合集十二"},
{"type_id":"https://mypikpak.com/s/VNRTN6USg3b_VYsn0bCwpjsoo1","type_name":"小姐姐合集/JAV·合集十三"},
{"type_id":"https://mypikpak.com/s/VNRTNIk9CfOi1Zl2Ft25X4kEo1","type_name":"小姐姐合集/JAV·合集十四"},
{"type_id":"https://mypikpak.com/s/VNRTNUm4Qgqv_6lSY5Z78-NZo1","type_name":"小姐姐合集/JAV·合集十五"},
{"type_id":"https://mypikpak.com/s/VNRTNg-1roRROhEkho_4sEJSo1","type_name":"小姐姐合集/JAV·合集十六"},
{"type_id":"https://mypikpak.com/s/VNRTNzlRg3b_VYsn0bCwpu1Xo1","type_name":"小姐姐合集/JAV·合集十七"},
{"type_id":"https://mypikpak.com/s/VNRTOE3uLmyyX7yiCb6t5Rpjo1","type_name":"小姐姐合集/AV·合集一"},
{"type_id":"https://mypikpak.com/s/VNRTOYLHLmyyX7yiCb6t5WnHo1","type_name":"小姐姐合集/[短视频]慢更中20"},
{"type_id":"https://mypikpak.com/s/VNRTOvHXLmyyX7yiCb6t5ajbo1","type_name":"小姐姐合集/已整理"},
{"type_id":"https://mypikpak.com/s/VNRTPCbFCfOi1Zl2Ft25XZs9o1","type_name":"小姐姐合集/未分类"},
{"type_id":"https://mypikpak.com/s/VNRcUOm1CfOipBFoWCX5ze_Io1","type_name":"/🕸️我的PikPak分享/鱼香肉丝合集"},
{"type_id":"https://mypikpak.com/s/VN7POm7LowF1qF1kF49QLNXxo1", "type_name":"10TB的溫暖夢想" },
{"type_id":"https://mypikpak.com/s/VNCPXiB0Ku8QWqR3EVQfzTpEo1", "type_name":"日本學習" }
]
